subject,block,time,melID,trialID,prime,target,type,response,rt
,invert,0.5239776000380516,1,7,1;2;3,3;2;1,1,2,1864.2035000957549
,invert,8.982970400014892,2,40,3;2;1,3;2;1,2,2,1609.6944999881089
,invert,17.19256320002023,2,34,3;2;1,1;3;2,2,2,1217.2794999787584
,invert,25.292210999992676,1,3,1;2;3,3;2;1,1,2,1740.7527000177652
