subj;trial;trigger;response;RT;time 
;Block3_old_1.wav;10;1;2145;67.8097763999831 
;Block3_old_1.wav;10;1;1883;72.47140699997544 
;Block3_new_m2t1e6.wav;50;2;1658;76.87257859995589 
;Block3_old_2.wav;10;1;1874;81.08878429990727 
