subject,block,time,melID,trialID,type,prime,target,response,rt
xx,recognize,1.9343804062518757,3,21,1,2;1;3,2;1;3,0,2500.0109401880763
xx,recognize,12.95104121384793,5,5,1,3;1;2,3;1;2,0,2500.0080227910075
xx,recognize,23.967825280851685,1,37,2,1;2;3,1;3;2,0,2500.005834765034
xx,recognize,34.982631362450775,4,28,2,2;3;1,2;1;3,0,2500.010575487977
